{
  "objects": [
    {
      "properties": {
        "Color": [
          1.0,
          1.0,
          1.0,
          1.0
        ],
        "Name": "TestCube",
        "Position": [
          0.0,
          0.0,
          0.0
        ],
        "Rotation": [
          0.0,
          0.0,
          0.0
        ],
        "Scale": [
          1.0,
          1.0,
          1.0
        ],
        "Value": 0.0
      },
      "type": "CubeObject"
    },
    {
      "properties": {
        "Color": [
          1.0,
          1.0,
          1.0,
          1.0
        ],
        "Name": "Cube_0",
        "Position": [
          1.1793513298034668,
          1.280621886253357,
          -0.959895133972168
        ],
        "Rotation": [
          0.0,
          0.0,
          0.0
        ],
        "Scale": [
          1.0,
          1.0,
          1.0
        ],
        "Value": 0.0
      },
      "type": "CubeObject"
    },
    {
      "properties": {
        "Color": [
          1.0,
          1.0,
          1.0,
          1.0
        ],
        "Name": "Cube_1",
        "Position": [
          1.1793513298034668,
          1.280621886253357,
          -0.959895133972168
        ],
        "Rotation": [
          0.0,
          0.0,
          0.0
        ],
        "Scale": [
          1.0,
          1.0,
          1.0
        ],
        "Value": 0.0
      },
      "type": "CubeObject"
    }
  ]
}